{
  "version": "0.12.0",
  "graph": {
    "nodes": [
      {
        "id": "n1",
        "position": {
          "x": -607.4251522827321,
          "y": -484.7864611189211
        },
        "caption": "name"
      },
      {
        "id": "n2",
        "position": {
          "x": 15.310771486255135,
          "y": -484.7864611189211
        },
        "caption": "Rank"
      },
      {
        "id": "n3",
        "position": {
          "x": -561.454962745761,
          "y": 108.34930546438935
        },
        "caption": "Housing"
      },
      {
        "id": "n4",
        "position": {
          "x": -1073.3329206990306,
          "y": -484.7864611189211
        },
        "caption": "Universities"
      },
      {
        "id": "n5",
        "position": {
          "x": -273.07209562975294,
          "y": -890.104543884366
        },
        "caption": "Teaching Socre"
      },
      {
        "id": "n6",
        "position": {
          "x": -273.07209562975294,
          "y": -745.439405011499
        },
        "caption": "International Score"
      },
      {
        "id": "n7",
        "position": {
          "x": -273.07209562975294,
          "y": -600.7742661386321
        },
        "caption": "Overall Score"
      },
      {
        "id": "n8",
        "position": {
          "x": -273.07209562975294,
          "y": -258.0266803353528
        },
        "caption": "Research Score"
      },
      {
        "id": "n9",
        "position": {
          "x": -273.07209562975294,
          "y": -398.714772256385
        },
        "caption": "Income Score"
      },
      {
        "id": "n10",
        "position": {
          "x": -561.454962745761,
          "y": -121.20180365589573
        },
        "caption": "Student -Staff Ratio"
      },
      {
        "id": "n11",
        "position": {
          "x": -417.1337668098174,
          "y": -186.40025831912777
        },
        "caption": "Female Male Ratio"
      },
      {
        "id": "n12",
        "position": {
          "x": -725.7653506720661,
          "y": -160.44728747193068
        },
        "caption": "International Students Percentage"
      },
      {
        "id": "n13",
        "position": {
          "x": -273.07209562975294,
          "y": -121.20180365589573
        },
        "caption": "Citation Score"
      },
      {
        "id": "n14",
        "position": {
          "x": -916.2693791942345,
          "y": -258.0266803353528
        },
        "caption": "Latitude"
      },
      {
        "id": "n15",
        "position": {
          "x": -823.0615013604447,
          "y": -368.7986560992101
        },
        "caption": "Longitude"
      },
      {
        "id": "n16",
        "position": {
          "x": -916.2693791942345,
          "y": 2.399425138450283
        },
        "caption": "County"
      },
      {
        "id": "n17",
        "position": {
          "x": -1073.3329206990306,
          "y": -224.02588323367516
        },
        "caption": "State"
      },
      {
        "id": "n18",
        "position": {
          "x": -203.49448824390709,
          "y": 203.1277099411432
        },
        "caption": "avg ppsf"
      },
      {
        "id": "n19",
        "position": {
          "x": -85.17474236686071,
          "y": 2.399425138450283
        },
        "caption": "year"
      }
    ],
    "relationships": [
      {
        "id": "n1",
        "type": "graded by",
        "fromId": "n1",
        "toId": "n5"
      },
      {
        "id": "n2",
        "type": "graded by",
        "fromId": "n1",
        "toId": "n6"
      },
      {
        "id": "n3",
        "type": "graded by",
        "fromId": "n1",
        "toId": "n7"
      },
      {
        "id": "n4",
        "type": "graded by",
        "fromId": "n1",
        "toId": "n8"
      },
      {
        "id": "n5",
        "type": "graded by",
        "fromId": "n1",
        "toId": "n9"
      },
      {
        "id": "n6",
        "type": "decides",
        "fromId": "n7",
        "toId": "n2"
      },
      {
        "id": "n7",
        "type": "decides",
        "fromId": "n8",
        "toId": "n2"
      },
      {
        "id": "n8",
        "type": "decides",
        "fromId": "n9",
        "toId": "n2"
      },
      {
        "id": "n9",
        "type": "decides",
        "fromId": "n6",
        "toId": "n2"
      },
      {
        "id": "n10",
        "type": "decides",
        "fromId": "n5",
        "toId": "n2"
      },
      {
        "id": "n11",
        "type": "counted by",
        "fromId": "n1",
        "toId": "n10"
      },
      {
        "id": "n12",
        "type": "counted by",
        "fromId": "n1",
        "toId": "n11"
      },
      {
        "id": "n13",
        "type": "identified by",
        "fromId": "n4",
        "toId": "n1"
      },
      {
        "id": "n14",
        "type": "graded by",
        "fromId": "n1",
        "toId": "n13"
      },
      {
        "id": "n15",
        "type": "decides",
        "fromId": "n13",
        "toId": "n2"
      },
      {
        "id": "n16",
        "type": "counted by",
        "fromId": "n1",
        "toId": "n12"
      },
      {
        "id": "n17",
        "type": "located at",
        "fromId": "n4",
        "toId": "n14"
      },
      {
        "id": "n18",
        "type": "located at",
        "fromId": "n4",
        "toId": "n15"
      },
      {
        "id": "n19",
        "type": "located at",
        "fromId": "n4",
        "toId": "n17"
      },
      {
        "id": "n20",
        "type": "affiliated with",
        "fromId": "n16",
        "toId": "n17"
      },
      {
        "id": "n21",
        "type": "located at",
        "fromId": "n4",
        "toId": "n16"
      },
      {
        "id": "n23",
        "type": "property of",
        "fromId": "n18",
        "toId": "n3"
      },
      {
        "id": "n28",
        "type": "property of",
        "fromId": "n19",
        "toId": "n2"
      },
      {
        "id": "n29",
        "type": "property of",
        "fromId": "n19",
        "toId": "n3"
      },
      {
        "id": "n30",
        "type": "located in",
        "fromId": "n3",
        "toId": "n16"
      },
      {
        "id": "n31",
        "type": "located in",
        "fromId": "n3",
        "toId": "n17"
      }
    ]
  },
  "dataModel": {
    "configurations": {
      "idsToIgnore": []
    },
    "fileModel": {
      "fileSchemas": {
        "housingDataCombined_cleaned.csv": {
          "expanded": true,
          "fields": [
            {
              "name": "county",
              "type": "string",
              "sample": "Hood River",
              "include": true
            },
            {
              "name": "median_sale_price",
              "type": "float",
              "sample": "650000.0",
              "include": true
            },
            {
              "name": "ppsf_year_avg",
              "type": "float",
              "sample": "340.06701059616233",
              "include": true
            },
            {
              "name": "property_type",
              "type": "string",
              "sample": "All Residential",
              "include": true
            },
            {
              "name": "state",
              "type": "string",
              "sample": "Oregon",
              "include": true
            },
            {
              "name": "year",
              "type": "integer",
              "sample": "2021",
              "include": true
            }
          ]
        },
        "Uni_data_combined_cleaned.csv": {
          "expanded": true,
          "fields": [
            {
              "name": "city",
              "type": "string",
              "sample": "Stanford",
              "include": true
            },
            {
              "name": "county",
              "type": "string",
              "sample": "Santa Clara",
              "include": true
            },
            {
              "name": "latitude",
              "type": "float",
              "sample": "37.432974",
              "include": true
            },
            {
              "name": "longitude",
              "type": "float",
              "sample": "-122.175045",
              "include": true
            },
            {
              "name": "name",
              "type": "string",
              "sample": "Stanford University",
              "include": true
            },
            {
              "name": "rank",
              "type": "string",
              "sample": "2",
              "include": true
            },
            {
              "name": "scores_citations",
              "type": "float",
              "sample": "99.9",
              "include": true
            },
            {
              "name": "scores_industry_income",
              "type": "float",
              "sample": "90.1",
              "include": true
            },
            {
              "name": "scores_international_outlook",
              "type": "float",
              "sample": "79.5",
              "include": true
            },
            {
              "name": "scores_overall",
              "type": "string",
              "sample": "94.9",
              "include": true
            },
            {
              "name": "scores_research",
              "type": "float",
              "sample": "96.7",
              "include": true
            },
            {
              "name": "scores_teaching",
              "type": "float",
              "sample": "92.2",
              "include": true
            },
            {
              "name": "state",
              "type": "string",
              "sample": "CA",
              "include": true
            },
            {
              "name": "stats_female_male_ratio",
              "type": "string",
              "sample": "44 : 56",
              "include": true
            },
            {
              "name": "stats_pc_intl_students",
              "type": "string",
              "sample": "23%",
              "include": true
            },
            {
              "name": "stats_student_staff_ratio",
              "type": "float",
              "sample": "7.4",
              "include": true
            },
            {
              "name": "year",
              "type": "integer",
              "sample": "2021",
              "include": true
            }
          ]
        }
      }
    },
    "graphModel": {
      "nodeSchemas": {
        "n1": {
          "label": "name",
          "additionLabels": [],
          "labelProperties": [],
          "properties": [
            {
              "property": "name",
              "type": "string",
              "identifier": "jmoNIT-L-YMSGaWZ44F0O"
            },
            {
              "property": "stats_female_male_ratio",
              "type": "string",
              "identifier": "0sKY3s44btVvKiQKO3yBb"
            },
            {
              "property": "stats_pc_intl_students",
              "type": "string",
              "identifier": "IGoCSjJ2bj0n7uEDdxsHY"
            },
            {
              "property": "stats_student_staff_ratio",
              "type": "float",
              "identifier": "c5HavKj3gdQcxNaRnbXz7"
            }
          ],
          "key": {
            "properties": [
              "jmoNIT-L-YMSGaWZ44F0O"
            ]
          }
        },
        "n2": {
          "label": "Rank",
          "additionLabels": [],
          "labelProperties": [],
          "properties": [
            {
              "property": "rank",
              "type": "string",
              "identifier": "C_yWYEIAqHh24lqCM6Dgn"
            }
          ],
          "key": {
            "properties": [
              "C_yWYEIAqHh24lqCM6Dgn"
            ]
          }
        },
        "n3": {
          "label": "Housing",
          "additionLabels": [],
          "labelProperties": [],
          "properties": [
            {
              "property": "county",
              "type": "string",
              "identifier": "TLvaIg3lWBgXl45j7kkZN"
            },
            {
              "property": "median_sale_price",
              "type": "float",
              "identifier": "kg6EJQGERHYFUeYN2VYhn"
            },
            {
              "property": "ppsf_year_avg",
              "type": "float",
              "identifier": "FpMfTYxS8NOEraX1gDkAG"
            },
            {
              "property": "property_type",
              "type": "string",
              "identifier": "4vwjAJqtlgYbNGNppVwxF"
            },
            {
              "property": "state",
              "type": "string",
              "identifier": "cAsv3gUuuo5XiVG9DokmG"
            },
            {
              "property": "year",
              "type": "integer",
              "identifier": "W65-U3QOfZaLa6v3Dk6-x"
            }
          ],
          "key": {
            "properties": [
              "TLvaIg3lWBgXl45j7kkZN"
            ]
          }
        },
        "n4": {
          "label": "Universities",
          "additionLabels": [],
          "labelProperties": [],
          "properties": [
            {
              "property": "name",
              "type": "string",
              "identifier": "HKPYNS4cqF2i4UnNpowuX"
            },
            {
              "property": "latitude",
              "type": "float",
              "identifier": "jlC-6zme3-DXZgBlNYhH3"
            },
            {
              "property": "longitude",
              "type": "float",
              "identifier": "ogX95oivkUy6R-5t0mWJE"
            }
          ],
          "key": {
            "properties": [
              "HKPYNS4cqF2i4UnNpowuX"
            ]
          }
        },
        "n5": {
          "label": "Teaching Socre",
          "additionLabels": [],
          "labelProperties": [],
          "properties": [
            {
              "property": "scores_teaching",
              "type": "float",
              "identifier": "hbjyayBjrQ4pqtYUJUAUX"
            }
          ],
          "key": {
            "properties": [
              "hbjyayBjrQ4pqtYUJUAUX"
            ]
          }
        },
        "n6": {
          "label": "International Score",
          "additionLabels": [],
          "labelProperties": [],
          "properties": [
            {
              "property": "scores_international_outlook",
              "type": "float",
              "identifier": "gV-veoJFF8DHK0BuTIjd_"
            }
          ],
          "key": {
            "properties": [
              "gV-veoJFF8DHK0BuTIjd_"
            ]
          }
        },
        "n7": {
          "label": "Overall Score",
          "additionLabels": [],
          "labelProperties": [],
          "properties": [
            {
              "property": "scores_overall",
              "type": "string",
              "identifier": "-Jm6lKrlGLzBU9pNeJUCQ"
            }
          ],
          "key": {
            "properties": [
              "-Jm6lKrlGLzBU9pNeJUCQ"
            ]
          }
        },
        "n8": {
          "label": "Research Score",
          "additionLabels": [],
          "labelProperties": [],
          "properties": [
            {
              "property": "scores_research",
              "type": "float",
              "identifier": "KK9gaU9tFGsg7NcD2sRD5"
            }
          ],
          "key": {
            "properties": [
              "KK9gaU9tFGsg7NcD2sRD5"
            ]
          }
        },
        "n9": {
          "label": "Income Score",
          "additionLabels": [],
          "labelProperties": [],
          "properties": [
            {
              "property": "scores_industry_income",
              "type": "float",
              "identifier": "oo-VwiONmNq-OZSmlv48-"
            }
          ],
          "key": {
            "properties": [
              "oo-VwiONmNq-OZSmlv48-"
            ]
          }
        },
        "n10": {
          "label": "Student -Staff Ratio",
          "additionLabels": [],
          "labelProperties": [],
          "properties": [
            {
              "property": "Student -Staff Ratio",
              "type": "float",
              "identifier": "0-o06TRM1YVVPsSYq266s"
            }
          ],
          "key": {
            "properties": [
              "0-o06TRM1YVVPsSYq266s"
            ]
          }
        },
        "n11": {
          "label": "Female Male Ratio",
          "additionLabels": [],
          "labelProperties": [],
          "properties": [
            {
              "property": "stats_female_male_ratio",
              "type": "string",
              "identifier": "UZ6y69cqOU1gTvn5tf9HT"
            }
          ],
          "key": {
            "properties": [
              "UZ6y69cqOU1gTvn5tf9HT"
            ]
          }
        },
        "n12": {
          "label": "International Students Percentage",
          "additionLabels": [],
          "labelProperties": [],
          "properties": [
            {
              "property": "International Students Percentage",
              "type": "string",
              "identifier": "nQKBeqhQz15iwQQlzkops"
            }
          ],
          "key": {
            "properties": [
              "nQKBeqhQz15iwQQlzkops"
            ]
          }
        },
        "n13": {
          "label": "Citation Score",
          "additionLabels": [],
          "labelProperties": [],
          "properties": [
            {
              "property": "scores_citations",
              "type": "float",
              "identifier": "aKmRnZUN-BOjimfzvbEIc"
            }
          ],
          "key": {
            "properties": [
              "aKmRnZUN-BOjimfzvbEIc"
            ]
          }
        },
        "n14": {
          "label": "Latitude",
          "additionLabels": [],
          "labelProperties": [],
          "properties": [
            {
              "property": "latitude",
              "type": "float",
              "identifier": "lbpZTU9d6xAxFVyzHcKD6"
            }
          ],
          "key": {
            "properties": [
              "lbpZTU9d6xAxFVyzHcKD6"
            ]
          }
        },
        "n15": {
          "label": "Longitude",
          "additionLabels": [],
          "labelProperties": [],
          "properties": [
            {
              "property": "longitude",
              "type": "float",
              "identifier": "_uc0cPRYBe6WzH4GN6Ai4"
            }
          ],
          "key": {
            "properties": [
              "_uc0cPRYBe6WzH4GN6Ai4"
            ]
          }
        },
        "n16": {
          "label": "County",
          "additionLabels": [],
          "labelProperties": [],
          "properties": [
            {
              "property": "county",
              "type": "string",
              "identifier": "dtiH27xryAdDs2tbbaor-"
            }
          ],
          "key": {
            "properties": [
              "dtiH27xryAdDs2tbbaor-"
            ]
          }
        },
        "n17": {
          "label": "State",
          "additionLabels": [],
          "labelProperties": [],
          "properties": [
            {
              "property": "state",
              "type": "string",
              "identifier": "x6Ifsel56wj0HdKmEF9hi"
            }
          ],
          "key": {
            "properties": [
              "x6Ifsel56wj0HdKmEF9hi"
            ]
          }
        },
        "n18": {
          "label": "avg ppsf",
          "additionLabels": [],
          "labelProperties": [],
          "properties": [
            {
              "property": "ppsf_year_avg",
              "type": "float",
              "identifier": "b7G1HvW3yyUZAH-5f13h3"
            }
          ],
          "key": {
            "properties": [
              "b7G1HvW3yyUZAH-5f13h3"
            ]
          }
        },
        "n19": {
          "label": "year",
          "additionLabels": [],
          "labelProperties": [],
          "properties": [
            {
              "property": "year",
              "type": "integer",
              "identifier": "hrblUAQoMRxfyaL19w7pn"
            }
          ],
          "key": {
            "properties": [
              "hrblUAQoMRxfyaL19w7pn"
            ]
          }
        }
      },
      "relationshipSchemas": {
        "n1": {
          "type": "graded by",
          "sourceNodeSchema": "n1",
          "targetNodeSchema": "n5",
          "properties": []
        },
        "n2": {
          "type": "graded by",
          "sourceNodeSchema": "n1",
          "targetNodeSchema": "n6",
          "properties": []
        },
        "n3": {
          "type": "graded by",
          "sourceNodeSchema": "n1",
          "targetNodeSchema": "n7",
          "properties": []
        },
        "n4": {
          "type": "graded by",
          "sourceNodeSchema": "n1",
          "targetNodeSchema": "n8",
          "properties": []
        },
        "n5": {
          "type": "graded by",
          "sourceNodeSchema": "n1",
          "targetNodeSchema": "n9",
          "properties": []
        },
        "n6": {
          "type": "decides",
          "sourceNodeSchema": "n7",
          "targetNodeSchema": "n2",
          "properties": []
        },
        "n7": {
          "type": "decides",
          "sourceNodeSchema": "n8",
          "targetNodeSchema": "n2",
          "properties": []
        },
        "n8": {
          "type": "decides",
          "sourceNodeSchema": "n9",
          "targetNodeSchema": "n2",
          "properties": []
        },
        "n9": {
          "type": "decides",
          "sourceNodeSchema": "n6",
          "targetNodeSchema": "n2",
          "properties": []
        },
        "n10": {
          "type": "decides",
          "sourceNodeSchema": "n5",
          "targetNodeSchema": "n2",
          "properties": []
        },
        "n11": {
          "type": "counted by",
          "sourceNodeSchema": "n1",
          "targetNodeSchema": "n10",
          "properties": []
        },
        "n12": {
          "type": "counted by",
          "sourceNodeSchema": "n1",
          "targetNodeSchema": "n11",
          "properties": []
        },
        "n13": {
          "type": "identified by",
          "sourceNodeSchema": "n4",
          "targetNodeSchema": "n1",
          "properties": []
        },
        "n14": {
          "type": "graded by",
          "sourceNodeSchema": "n1",
          "targetNodeSchema": "n13",
          "properties": []
        },
        "n15": {
          "type": "decides",
          "sourceNodeSchema": "n13",
          "targetNodeSchema": "n2",
          "properties": []
        },
        "n16": {
          "type": "counted by",
          "sourceNodeSchema": "n1",
          "targetNodeSchema": "n12",
          "properties": []
        },
        "n17": {
          "type": "located at",
          "sourceNodeSchema": "n4",
          "targetNodeSchema": "n14",
          "properties": []
        },
        "n18": {
          "type": "located at",
          "sourceNodeSchema": "n4",
          "targetNodeSchema": "n15",
          "properties": []
        },
        "n19": {
          "type": "located at",
          "sourceNodeSchema": "n4",
          "targetNodeSchema": "n17",
          "properties": []
        },
        "n20": {
          "type": "affiliated with",
          "sourceNodeSchema": "n16",
          "targetNodeSchema": "n17",
          "properties": []
        },
        "n21": {
          "type": "located at",
          "sourceNodeSchema": "n4",
          "targetNodeSchema": "n16",
          "properties": []
        },
        "n23": {
          "type": "property of",
          "sourceNodeSchema": "n18",
          "targetNodeSchema": "n3",
          "properties": []
        },
        "n28": {
          "type": "property of",
          "sourceNodeSchema": "n19",
          "targetNodeSchema": "n2",
          "properties": []
        },
        "n29": {
          "type": "property of",
          "sourceNodeSchema": "n19",
          "targetNodeSchema": "n3",
          "properties": []
        },
        "n30": {
          "type": "located in",
          "sourceNodeSchema": "n3",
          "targetNodeSchema": "n16",
          "properties": []
        },
        "n31": {
          "type": "located in",
          "sourceNodeSchema": "n3",
          "targetNodeSchema": "n17",
          "properties": []
        }
      }
    },
    "mappingModel": {
      "nodeMappings": {
        "n1": {
          "nodeSchema": "n1",
          "fileSchema": "Uni_data_combined_cleaned.csv",
          "mappings": [
            {
              "field": "name"
            },
            {
              "field": "stats_female_male_ratio"
            },
            {
              "field": "stats_pc_intl_students"
            },
            {
              "field": "stats_student_staff_ratio"
            }
          ]
        },
        "n2": {
          "nodeSchema": "n2",
          "fileSchema": "Uni_data_combined_cleaned.csv",
          "mappings": [
            {
              "field": "rank"
            }
          ]
        },
        "n3": {
          "nodeSchema": "n3",
          "fileSchema": "housingDataCombined_cleaned.csv",
          "mappings": [
            {
              "field": "county"
            },
            {
              "field": "median_sale_price"
            },
            {
              "field": "ppsf_year_avg"
            },
            {
              "field": "property_type"
            },
            {
              "field": "state"
            },
            {
              "field": "year"
            }
          ]
        },
        "n4": {
          "nodeSchema": "n4",
          "fileSchema": "Uni_data_combined_cleaned.csv",
          "mappings": [
            {
              "field": "name"
            },
            {
              "field": "latitude"
            },
            {
              "field": "longitude"
            }
          ]
        },
        "n5": {
          "nodeSchema": "n5",
          "fileSchema": "Uni_data_combined_cleaned.csv",
          "mappings": [
            {
              "field": "scores_teaching"
            }
          ]
        },
        "n6": {
          "nodeSchema": "n6",
          "fileSchema": "Uni_data_combined_cleaned.csv",
          "mappings": [
            {
              "field": "scores_international_outlook"
            }
          ]
        },
        "n7": {
          "nodeSchema": "n7",
          "fileSchema": "Uni_data_combined_cleaned.csv",
          "mappings": [
            {
              "field": "scores_overall"
            }
          ]
        },
        "n8": {
          "nodeSchema": "n8",
          "fileSchema": "Uni_data_combined_cleaned.csv",
          "mappings": [
            {
              "field": "scores_research"
            }
          ]
        },
        "n9": {
          "nodeSchema": "n9",
          "fileSchema": "Uni_data_combined_cleaned.csv",
          "mappings": [
            {
              "field": "scores_industry_income"
            }
          ]
        },
        "n10": {
          "nodeSchema": "n10",
          "fileSchema": "Uni_data_combined_cleaned.csv",
          "mappings": [
            {
              "field": "stats_student_staff_ratio"
            }
          ]
        },
        "n11": {
          "nodeSchema": "n11",
          "fileSchema": "Uni_data_combined_cleaned.csv",
          "mappings": [
            {
              "field": "stats_female_male_ratio"
            }
          ]
        },
        "n12": {
          "nodeSchema": "n12",
          "fileSchema": "Uni_data_combined_cleaned.csv",
          "mappings": [
            {
              "field": "stats_pc_intl_students"
            }
          ]
        },
        "n13": {
          "nodeSchema": "n13",
          "fileSchema": "Uni_data_combined_cleaned.csv",
          "mappings": [
            {
              "field": "scores_citations"
            }
          ]
        },
        "n14": {
          "nodeSchema": "n14",
          "fileSchema": "Uni_data_combined_cleaned.csv",
          "mappings": [
            {
              "field": "latitude"
            }
          ]
        },
        "n15": {
          "nodeSchema": "n15",
          "fileSchema": "Uni_data_combined_cleaned.csv",
          "mappings": [
            {
              "field": "longitude"
            }
          ]
        },
        "n16": {
          "nodeSchema": "n16",
          "fileSchema": "Uni_data_combined_cleaned.csv",
          "mappings": [
            {
              "field": "county"
            }
          ]
        },
        "n17": {
          "nodeSchema": "n17",
          "fileSchema": "Uni_data_combined_cleaned.csv",
          "mappings": [
            {
              "field": "state"
            }
          ]
        },
        "n18": {
          "nodeSchema": "n18",
          "fileSchema": "housingDataCombined_cleaned.csv",
          "mappings": [
            {
              "field": "ppsf_year_avg"
            }
          ]
        },
        "n19": {
          "nodeSchema": "n19",
          "fileSchema": "Uni_data_combined_cleaned.csv",
          "mappings": [
            {
              "field": "year"
            }
          ]
        }
      },
      "relationshipMappings": {
        "n1": {
          "relationshipSchema": "n1",
          "mappings": [],
          "sourceMappings": [
            {
              "field": "name"
            }
          ],
          "targetMappings": [
            {
              "field": "scores_teaching"
            }
          ],
          "fileSchema": "Uni_data_combined_cleaned.csv"
        },
        "n2": {
          "relationshipSchema": "n2",
          "mappings": [],
          "sourceMappings": [
            {
              "field": "name"
            }
          ],
          "targetMappings": [
            {
              "field": "scores_international_outlook"
            }
          ],
          "fileSchema": "Uni_data_combined_cleaned.csv"
        },
        "n3": {
          "relationshipSchema": "n3",
          "mappings": [],
          "sourceMappings": [
            {
              "field": "name"
            }
          ],
          "targetMappings": [
            {
              "field": "scores_overall"
            }
          ],
          "fileSchema": "Uni_data_combined_cleaned.csv"
        },
        "n4": {
          "relationshipSchema": "n4",
          "mappings": [],
          "sourceMappings": [
            {
              "field": "name"
            }
          ],
          "targetMappings": [
            {
              "field": "scores_research"
            }
          ],
          "fileSchema": "Uni_data_combined_cleaned.csv"
        },
        "n5": {
          "relationshipSchema": "n5",
          "mappings": [],
          "sourceMappings": [
            {
              "field": "name"
            }
          ],
          "targetMappings": [
            {
              "field": "scores_industry_income"
            }
          ],
          "fileSchema": "Uni_data_combined_cleaned.csv"
        },
        "n6": {
          "relationshipSchema": "n6",
          "mappings": [],
          "sourceMappings": [
            {
              "field": "scores_overall"
            }
          ],
          "targetMappings": [
            {
              "field": "rank"
            }
          ],
          "fileSchema": "Uni_data_combined_cleaned.csv"
        },
        "n7": {
          "relationshipSchema": "n7",
          "mappings": [],
          "sourceMappings": [
            {
              "field": "scores_research"
            }
          ],
          "targetMappings": [
            {
              "field": "rank"
            }
          ],
          "fileSchema": "Uni_data_combined_cleaned.csv"
        },
        "n8": {
          "relationshipSchema": "n8",
          "mappings": [],
          "sourceMappings": [
            {
              "field": "scores_industry_income"
            }
          ],
          "targetMappings": [
            {
              "field": "rank"
            }
          ],
          "fileSchema": "Uni_data_combined_cleaned.csv"
        },
        "n9": {
          "relationshipSchema": "n9",
          "mappings": [],
          "sourceMappings": [
            {
              "field": "scores_international_outlook"
            }
          ],
          "targetMappings": [
            {
              "field": "rank"
            }
          ],
          "fileSchema": "Uni_data_combined_cleaned.csv"
        },
        "n10": {
          "relationshipSchema": "n10",
          "mappings": [],
          "sourceMappings": [
            {
              "field": "scores_teaching"
            }
          ],
          "targetMappings": [
            {
              "field": "rank"
            }
          ],
          "fileSchema": "Uni_data_combined_cleaned.csv"
        },
        "n11": {
          "relationshipSchema": "n11",
          "mappings": [],
          "sourceMappings": [
            {
              "field": "name"
            }
          ],
          "targetMappings": [
            {
              "field": "stats_student_staff_ratio"
            }
          ],
          "fileSchema": "Uni_data_combined_cleaned.csv"
        },
        "n12": {
          "relationshipSchema": "n12",
          "mappings": [],
          "sourceMappings": [
            {
              "field": "name"
            }
          ],
          "targetMappings": [
            {
              "field": "stats_female_male_ratio"
            }
          ],
          "fileSchema": "Uni_data_combined_cleaned.csv"
        },
        "n13": {
          "relationshipSchema": "n13",
          "mappings": [],
          "sourceMappings": [
            {
              "field": "name"
            }
          ],
          "targetMappings": [
            {
              "field": "name"
            }
          ],
          "fileSchema": "Uni_data_combined_cleaned.csv"
        },
        "n14": {
          "relationshipSchema": "n14",
          "mappings": [],
          "sourceMappings": [
            {
              "field": "name"
            }
          ],
          "targetMappings": [
            {
              "field": "scores_citations"
            }
          ],
          "fileSchema": "Uni_data_combined_cleaned.csv"
        },
        "n15": {
          "relationshipSchema": "n15",
          "mappings": [],
          "sourceMappings": [
            {
              "field": "scores_citations"
            }
          ],
          "targetMappings": [
            {
              "field": "rank"
            }
          ],
          "fileSchema": "Uni_data_combined_cleaned.csv"
        },
        "n16": {
          "relationshipSchema": "n16",
          "mappings": [],
          "sourceMappings": [
            {
              "field": "name"
            }
          ],
          "targetMappings": [
            {
              "field": "stats_pc_intl_students"
            }
          ],
          "fileSchema": "Uni_data_combined_cleaned.csv"
        },
        "n17": {
          "relationshipSchema": "n17",
          "mappings": [],
          "sourceMappings": [
            {
              "field": "name"
            }
          ],
          "targetMappings": [
            {
              "field": "latitude"
            }
          ],
          "fileSchema": "Uni_data_combined_cleaned.csv"
        },
        "n18": {
          "relationshipSchema": "n18",
          "mappings": [],
          "sourceMappings": [
            {
              "field": "name"
            }
          ],
          "targetMappings": [
            {
              "field": "longitude"
            }
          ],
          "fileSchema": "Uni_data_combined_cleaned.csv"
        },
        "n19": {
          "relationshipSchema": "n19",
          "mappings": [],
          "sourceMappings": [
            {
              "field": "name"
            }
          ],
          "targetMappings": [
            {
              "field": "state"
            }
          ],
          "fileSchema": "Uni_data_combined_cleaned.csv"
        },
        "n20": {
          "relationshipSchema": "n20",
          "mappings": [],
          "sourceMappings": [
            {
              "field": "county"
            }
          ],
          "targetMappings": [
            {
              "field": "state"
            }
          ],
          "fileSchema": "Uni_data_combined_cleaned.csv"
        },
        "n21": {
          "relationshipSchema": "n21",
          "mappings": [],
          "sourceMappings": [
            {
              "field": "name"
            }
          ],
          "targetMappings": [
            {
              "field": "county"
            }
          ],
          "fileSchema": "Uni_data_combined_cleaned.csv"
        },
        "n23": {
          "relationshipSchema": "n23",
          "mappings": [],
          "sourceMappings": [
            {
              "field": "ppsf_year_avg"
            }
          ],
          "targetMappings": [
            {
              "field": "county"
            }
          ],
          "fileSchema": "housingDataCombined_cleaned.csv"
        },
        "n28": {
          "relationshipSchema": "n28",
          "mappings": [],
          "sourceMappings": [
            {
              "field": "year"
            }
          ],
          "targetMappings": [
            {
              "field": "rank"
            }
          ],
          "fileSchema": "Uni_data_combined_cleaned.csv"
        },
        "n29": {
          "relationshipSchema": "n29",
          "mappings": [],
          "sourceMappings": [
            {
              "field": "year"
            }
          ],
          "targetMappings": [
            {
              "field": "county"
            }
          ],
          "fileSchema": "housingDataCombined_cleaned.csv"
        },
        "n30": {
          "relationshipSchema": "n30",
          "mappings": [],
          "sourceMappings": [
            {
              "field": "ppsf_year_avg"
            }
          ],
          "targetMappings": [
            {
              "field": "county"
            }
          ],
          "fileSchema": "housingDataCombined_cleaned.csv"
        },
        "n31": {
          "relationshipSchema": "n31",
          "mappings": [],
          "sourceMappings": [
            {
              "field": "state"
            }
          ],
          "targetMappings": [
            {
              "field": "state"
            }
          ],
          "fileSchema": "housingDataCombined_cleaned.csv"
        }
      }
    }
  }
}